1,1,1,47,"4",60,"5",5,3,2,3,3,3,3,4,5,3,4,3,4,4,2,3,3,3,3,4,3,4,3,3
2,1,0,68,"6",81,"7",5,2,3,2,3,3,3,4,4,2,3,1,-999,-999,-999,-999,-999,-999,-999,-999,-999,-999,-999,-999
3,1,1,81,"6",94,"7",4,4,3,4,3,3,3,3,3,5,4,5,-999,-999,-999,-999,-999,-999,-999,-999,-999,-999,-999,-999
4,1,1,57,"5",71,"6",5,4,3,4,4,3,5,4,5,4,3,3,4,3,3,3,4,3,3,5,3,3,4,3
5,1,0,77,"6",90,"7",5,5,2,5,3,2,1,5,3,3,3,4,-999,-999,-999,-999,-999,-999,-999,-999,-999,-999,-999,-999
6,1,0,49,"4",62,"5",3,5,3,5,4,3,3,5,5,4,3,3,4,5,2,4,4,4,3,4,4,5,2,3
7,1,1,55,"5",67,"6",4,5,3,4,4,5,4,5,4,4,3,4,-999,-999,-999,-999,-999,-999,-999,-999,-999,-999,-999,-999
8,1,0,80,"6",93,"7",5,4,3,4,5,4,3,5,4,4,3,4,5,5,3,4,4,4,4,5,5,4,4,4
9,1,1,91,"6",-999,-999,5,4,4,5,4,4,3,4,4,4,4,4,-999,-999,-999,-999,-999,-999,-999,-999,-999,-999,-999,-999
10,1,0,44,"4",60,"5",3,2,3,3,4,3,3,4,4,3,4,2,4,3,2,3,3,3,3,4,4,4,3,3
11,1,1,76,"6",92,"7",4,3,4,3,5,3,5,5,4,4,4,3,-999,-999,-999,-999,-999,-999,-999,-999,-999,-999,-999,-999
12,1,1,67,"6",80,"7",4,4,3,5,4,3,3,-999,3,4,4,3,4,4,3,3,4,4,3,3,4,4,4,5
13,1,0,43,"4",55,"5",3,2,3,3,5,3,3,5,4,3,4,2,2,3,3,2,3,3,2,4,3,2,4,2
14,1,1,58,"5",71,"6",5,4,3,4,3,3,2,4,3,3,4,3,3,3,4,4,4,2,4,4,4,3,4,3
15,1,1,88,"6",101,"7",5,4,3,4,3,2,2,4,3,5,4,4,-999,-999,-999,-999,-999,-999,-999,-999,-999,-999,-999,-999
16,1,1,73,"6",86,"7",2,4,2,4,4,3,3,3,4,3,3,3,3,3,4,3,4,3,3,4,3,4,4,3
17,1,0,66,"6",81,"7",5,4,3,4,5,4,3,5,4,3,5,3,5,4,5,3,4,4,4,5,5,5,5,4
18,1,1,52,"4",65,"5",5,3,3,4,4,2,2,4,4,5,2,3,-999,-999,-999,-999,-999,-999,-999,-999,-999,-999,-999,-999
19,1,0,52,"4",65,"5",5,3,4,4,2,5,3,5,4,3,2,4,-999,-999,-999,-999,-999,-999,-999,-999,-999,-999,-999,-999
20,1,0,61,"5",73,"6",3,-999,3,3,4,3,2,5,5,-999,4,-999,3,-999,3,2,3,3,4,4,5,-999,2,-999
21,1,1,77,"6",94,"7",5,3,5,4,5,5,5,5,5,4,5,4,-999,-999,-999,-999,-999,-999,-999,-999,-999,-999,-999,-999
22,1,0,46,"4",63,"5",5,4,4,5,4,5,3,5,4,5,5,4,3,4,4,2,2,3,2,5,3,4,4,1
23,1,1,67,"6",80,"7",4,3,4,5,5,2,2,3,4,5,3,-999,2,4,3,4,3,1,1,2,4,5,3,-999
24,1,0,55,"5",67,"6",5,5,4,4,3,5,4,5,5,5,5,3,4,5,4,3,4,4,5,5,5,4,5,4
25,1,1,57,"5",-999,-999,4,3,5,2,3,4,3,2,5,-999,5,1,-999,-999,-999,-999,-999,-999,-999,-999,-999,-999,-999,-999
26,1,0,69,"6",83,"7",5,3,4,4,5,2,3,5,4,3,4,4,3,4,2,4,4,3,2,4,3,-999,4,3
27,1,0,77,"6",90,"7",5,5,4,3,4,4,4,3,3,3,-999,2,4,4,1,3,3,3,3,5,4,3,4,2
28,1,1,49,"4",64,"5",4,3,5,3,3,5,2,3,3,3,4,-999,4,2,4,2,4,4,4,3,5,3,5,-999
29,1,1,58,"5",71,"6",4,4,4,4,5,4,4,5,5,4,3,4,4,5,5,4,4,4,4,4,5,5,2,5
30,1,1,81,"6",93,"7",5,5,2,5,1,5,5,5,5,4,5,4,5,5,3,3,5,4,5,5,5,4,5,3
31,1,1,42,"4",55,"5",4,5,3,5,2,4,2,3,3,3,-999,-999,-999,-999,-999,-999,-999,-999,-999,-999,-999,-999,-999,-999
32,1,0,45,"4",59,"5",4,4,4,3,-999,4,3,3,3,-999,3,-999,3,4,3,3,2,3,2,4,3,4,3,4
33,1,0,55,"5",68,"6",3,-999,-999,5,1,5,3,5,3,-999,-999,-999,4,2,3,2,5,5,4,5,4,3,4,1
34,1,1,61,"5",76,"6",5,5,5,5,5,5,5,5,5,5,5,4,5,5,4,3,3,4,4,5,5,5,-999,3
35,1,0,45,"4",59,"5",3,4,2,3,4,3,3,3,4,-999,3,-999,-999,-999,-999,-999,-999,-999,-999,-999,-999,-999,-999,-999
36,1,0,68,"6",80,"7",4,3,4,4,5,2,2,3,2,-999,4,3,4,4,2,3,4,3,3,3,3,3,3,4
37,1,0,58,"5",72,"6",5,4,3,4,3,4,5,5,5,4,4,4,4,4,4,4,4,2,3,5,5,3,4,3
38,1,1,80,"6",93,"7",5,5,5,5,2,4,4,5,5,5,5,4,-999,-999,-999,-999,-999,-999,-999,-999,-999,-999,-999,-999
39,1,1,49,"4",64,"5",3,2,2,4,4,3,1,3,3,3,3,2,-999,-999,-999,-999,-999,-999,-999,-999,-999,-999,-999,-999
40,1,1,73,"6",88,"7",4,3,4,5,4,3,3,4,4,-999,-999,3,5,3,3,3,5,3,3,4,5,5,3,4
41,1,0,63,"5",81,"7",4,4,3,4,5,4,3,4,4,3,3,2,-999,-999,-999,-999,-999,-999,-999,-999,-999,-999,-999,-999
42,1,1,64,"5",77,"6",4,4,1,5,3,2,3,5,3,4,4,4,5,3,3,4,5,3,5,5,5,5,5,5
43,1,0,85,"6",98,"7",5,4,3,4,5,4,5,5,5,5,4,3,3,5,3,3,5,5,3,4,4,4,4,3
44,1,1,69,"6",82,"7",5,4,5,5,5,4,4,5,5,4,5,3,5,4,5,3,5,5,5,5,5,4,5,3
45,1,1,88,"6",-999,-999,5,5,-999,5,5,4,4,5,5,4,5,3,-999,-999,-999,-999,-999,-999,-999,-999,-999,-999,-999,-999
46,1,0,56,"5",71,"6",4,3,2,5,4,2,3,2,4,3,3,-999,4,4,4,2,4,3,3,3,3,3,4,2
47,1,1,61,"5",75,"6",4,4,4,3,4,3,2,3,4,3,4,2,4,4,4,2,5,3,3,3,4,3,4,2
48,1,1,88,"6",-999,-999,5,4,3,4,4,3,2,5,4,5,3,4,3,5,4,3,4,2,4,5,4,4,5,4
49,1,1,70,"6",83,"7",5,3,4,4,5,5,4,5,4,3,4,2,5,4,4,4,4,5,4,5,5,4,4,2
50,1,0,79,"6",-999,-999,4,4,3,4,3,3,3,4,4,4,3,4,-999,-999,-999,-999,-999,-999,-999,-999,-999,-999,-999,-999
51,1,1,53,"4",-999,-999,4,3,4,3,5,3,3,4,4,3,4,2,-999,-999,-999,-999,-999,-999,-999,-999,-999,-999,-999,-999
52,1,1,86,"6",99,"7",5,5,5,5,5,5,4,5,5,4,5,5,4,5,5,4,5,3,4,5,5,5,5,5
53,1,0,59,"5",74,"6",5,4,4,5,5,4,3,5,5,4,5,3,4,4,4,3,4,4,3,4,4,4,4,4
54,1,1,77,"6",93,"7",5,5,4,5,5,5,4,5,5,5,5,5,-999,-999,-999,-999,-999,-999,-999,-999,-999,-999,-999,-999
55,1,1,48,"4",61,"5",5,3,5,-999,5,-999,3,-999,4,3,3,-999,4,-999,5,2,4,4,5,4,5,4,5,3
56,1,1,70,"6",84,"7",4,4,3,5,4,4,2,5,2,5,3,5,5,3,3,4,5,4,5,5,4,3,5,1
57,1,0,48,"4",64,"5",3,1,4,4,2,2,2,3,2,3,3,1,3,4,3,3,3,3,2,3,4,3,2,4
58,1,0,77,"6",91,"7",5,4,4,4,1,5,3,3,2,3,4,4,4,3,3,3,4,4,2,4,3,3,4,-999
59,1,1,88,"6",-999,-999,5,3,5,4,5,5,5,4,5,4,3,3,5,3,5,4,5,4,5,5,5,3,5,4
60,1,1,47,"4",61,"5",5,4,3,4,3,2,3,4,3,5,3,3,4,3,3,4,3,3,2,3,3,4,3,4
61,1,1,82,"6",95,"7",4,4,3,4,5,4,2,5,5,3,4,4,4,5,3,4,4,4,5,5,5,4,5,4
62,1,1,88,"6",101,"7",5,3,3,4,5,4,3,3,4,3,4,2,4,4,4,3,4,4,4,4,4,4,5,4
63,1,0,58,"5",71,"6",3,-999,5,-999,3,2,2,4,5,-999,3,-999,3,3,5,2,3,3,4,5,4,3,-999,-999
64,1,1,66,"6",79,"7",5,1,3,3,3,3,3,4,3,4,4,2,3,1,4,1,4,3,2,4,3,3,5,1
65,1,1,51,"4",64,"5",4,3,4,4,5,5,2,5,3,3,4,2,3,5,3,4,4,4,4,5,4,5,4,2
66,1,0,55,"5",68,"6",5,4,3,4,3,3,4,3,5,2,5,2,3,3,4,3,5,3,3,4,3,3,5,3
67,1,1,54,"5",68,"6",4,4,4,5,4,5,3,5,4,4,5,2,4,4,3,3,3,4,3,5,4,3,4,3
68,1,1,60,"5",73,"6",3,3,1,3,1,2,3,3,5,3,4,2,5,3,3,3,4,3,4,4,5,3,4,3
69,1,0,48,"4",62,"5",2,3,4,4,4,3,4,3,4,4,4,3,4,3,3,3,4,3,3,2,3,4,4,4
70,1,1,73,"6",86,"7",4,4,4,4,5,3,3,4,3,3,5,3,-999,-999,-999,-999,-999,-999,-999,-999,-999,-999,-999,-999
71,1,1,75,"6",88,"7",3,4,4,4,5,3,3,4,4,4,3,4,4,5,2,3,3,2,2,4,3,4,2,4
72,1,0,52,"4",-999,-999,4,-999,5,-999,5,3,5,5,5,3,2,-999,-999,-999,-999,-999,-999,-999,-999,-999,-999,-999,-999,-999
73,1,0,58,"5",74,"6",4,3,4,3,5,3,3,4,4,2,2,3,5,3,1,4,5,4,5,5,5,4,4,1
74,1,1,43,"4",60,"5",4,3,3,4,3,3,3,4,3,-999,2,3,4,3,4,-999,4,4,3,-999,4,5,-999,-999
75,1,0,44,"4",58,"5",4,2,4,3,4,3,4,3,4,4,3,2,-999,-999,-999,-999,-999,-999,-999,-999,-999,-999,-999,-999
76,1,0,58,"5",72,"6",5,3,4,4,4,4,2,3,3,4,4,2,3,3,3,2,4,3,2,2,3,4,3,2
77,1,0,52,"4",64,"5",5,3,2,2,4,3,2,3,3,2,4,1,4,4,3,2,3,3,3,3,3,2,3,2
78,1,0,72,"6",85,"7",3,4,2,4,5,3,5,5,5,4,4,3,3,4,2,2,3,4,5,5,5,3,4,2
79,1,1,55,"5",70,"6",4,5,4,5,5,4,3,5,4,4,5,5,5,5,3,3,3,3,3,4,3,4,4,3
80,1,0,64,"5",77,"6",4,3,4,3,4,3,3,3,3,3,4,-999,3,4,4,3,3,3,2,3,3,3,4,3
81,1,1,74,"6",89,"7",5,3,4,3,5,4,4,5,4,3,4,2,4,4,5,4,4,2,3,5,3,3,4,2
82,1,1,89,"6",-999,-999,-999,-999,-999,-999,4,5,3,4,3,-999,-999,3,3,4,3,3,3,3,3,3,4,3,4,3
83,1,0,72,"6",84,"7",4,3,4,4,3,3,3,4,3,4,4,3,-999,-999,-999,-999,-999,-999,-999,-999,-999,-999,-999,-999
84,1,0,79,"6",91,"7",5,1,5,3,5,4,5,4,5,4,5,3,4,3,5,2,5,3,4,3,5,3,5,3
85,1,1,72,"6",85,"7",4,4,3,5,4,3,3,4,5,5,2,1,4,5,2,4,4,3,5,5,5,4,5,2
86,1,1,74,"6",88,"7",4,3,2,4,3,2,3,4,4,3,-999,2,3,4,2,3,4,1,3,3,3,4,4,3
87,1,1,81,"6",93,"7",4,4,4,4,5,3,3,5,5,4,5,-999,5,3,3,2,5,4,2,5,3,4,-999,-999
88,1,0,65,"5",80,"7",5,5,3,4,2,3,4,5,4,3,4,4,4,3,3,3,4,4,5,5,5,5,4,3
89,1,1,78,"6",91,"7",3,2,5,3,5,1,3,4,5,4,4,3,-999,-999,-999,-999,-999,-999,-999,-999,-999,-999,-999,-999
90,1,1,58,"5",72,"6",5,-999,1,-999,2,1,3,5,3,-999,4,-999,4,4,2,3,4,2,4,4,4,4,4,4
91,1,1,43,"4",55,"5",3,2,4,3,4,3,3,4,3,3,3,2,5,3,3,3,4,3,4,4,4,3,4,3
92,1,1,57,"5",70,"6",5,4,-999,5,1,5,5,5,5,5,3,3,4,4,4,3,4,5,4,4,2,5,5,5
93,1,0,59,"5",-999,-999,5,3,4,3,4,4,4,4,4,4,3,3,-999,-999,-999,-999,-999,-999,-999,-999,-999,-999,-999,-999
94,1,0,80,"6",-999,-999,5,3,3,3,3,3,4,4,4,4,2,4,-999,-999,-999,-999,-999,-999,-999,-999,-999,-999,-999,-999
95,1,1,62,"5",75,"6",5,4,4,3,3,3,3,5,4,3,4,1,3,4,4,3,5,4,3,3,3,3,3,2
96,1,1,64,"5",79,"7",5,3,2,5,3,3,3,5,3,4,3,4,4,3,2,2,5,4,3,4,4,3,4,2
97,1,0,84,"6",99,"7",3,-999,3,3,5,4,4,4,5,4,2,3,3,4,5,2,5,3,4,4,5,3,4,3
98,1,0,62,"5",75,"6",4,5,4,5,4,5,4,5,5,4,4,5,4,4,3,3,4,4,4,4,4,4,5,4
99,1,1,88,"6",104,"7",5,4,5,4,5,5,4,5,4,5,5,-999,5,4,4,-999,4,4,4,5,5,4,5,-999
100,1,0,71,"6",87,"7",5,-999,4,4,5,5,2,4,3,-999,5,-999,4,2,3,1,3,3,3,3,3,3,3,2
101,1,0,55,"5",69,"6",5,3,5,5,3,4,3,5,4,3,3,-999,5,5,5,2,5,3,4,4,5,3,4,3
102,1,0,81,"6",96,"7",5,4,4,5,5,5,3,4,5,5,5,4,5,3,5,4,5,4,5,4,5,5,5,3
103,1,0,63,"5",80,"7",3,2,4,2,5,4,4,4,4,2,3,2,4,3,3,1,5,5,5,4,5,3,4,2
104,1,0,61,"5",75,"6",4,2,2,3,3,3,2,3,4,2,4,1,3,3,1,2,3,2,4,4,4,3,4,1
105,1,0,87,"6",100,"7",4,3,3,4,4,3,3,3,4,3,4,1,4,4,3,2,4,4,3,4,4,3,4,2
106,1,1,56,"5",-999,-999,5,5,3,5,5,3,5,5,5,5,5,2,-999,-999,-999,-999,-999,-999,-999,-999,-999,-999,-999,-999
107,1,0,76,"6",-999,-999,5,4,3,5,5,4,5,5,5,4,5,3,-999,-999,-999,-999,-999,-999,-999,-999,-999,-999,-999,-999
108,1,0,73,"6",88,"7",5,3,2,3,5,3,5,4,5,3,4,-999,4,4,4,4,3,2,5,5,5,5,5,4
109,1,1,60,"5",74,"6",5,5,3,5,5,3,5,5,5,5,5,5,5,3,4,4,3,4,4,5,4,5,3,3
110,1,1,55,"5",69,"6",3,-999,-999,4,3,3,1,2,2,-999,-999,-999,3,3,3,3,4,3,1,-999,2,4,3,3
111,1,1,61,"5",75,"6",5,5,4,5,5,4,2,5,5,5,5,5,3,3,5,4,5,3,4,5,5,5,5,4
112,1,0,47,"4",61,"5",3,2,3,3,3,2,1,2,3,2,4,3,3,2,3,1,3,4,3,2,4,2,2,2
113,1,0,81,"6",95,"7",5,5,4,4,1,3,2,5,4,4,3,3,5,4,4,4,4,5,5,5,5,4,4,4
114,1,0,68,"6",82,"7",4,3,3,4,5,2,4,5,5,3,4,2,2,2,4,2,4,3,3,3,5,2,5,3
115,1,0,49,"4",61,"5",5,-999,3,3,5,5,3,5,3,3,3,3,4,-999,1,3,5,3,3,-999,3,4,5,4
116,1,1,72,"6",84,"7",5,2,3,3,4,3,3,4,4,3,4,2,4,3,3,2,3,3,4,5,5,3,4,2
117,1,0,60,"5",74,"6",5,4,4,4,4,3,3,4,4,3,4,2,5,4,4,3,4,5,5,5,5,4,4,3
118,1,0,60,"5",74,"6",4,3,1,3,4,2,2,3,4,3,4,3,3,4,2,3,3,3,4,4,4,4,3,3
119,1,1,44,"4",56,"5",5,5,3,5,3,4,3,5,3,3,4,4,4,5,3,4,3,3,3,4,3,3,4,4
120,1,1,71,"6",85,"7",5,5,3,5,4,4,4,5,5,4,3,4,3,3,5,3,4,2,4,3,4,3,4,4
121,1,0,87,"6",99,"7",5,5,3,5,5,3,4,5,4,4,5,-999,4,4,4,3,3,3,3,4,5,3,5,2
122,1,0,54,"5",66,"6",4,3,4,4,4,4,3,2,4,3,3,2,4,3,4,2,3,4,2,4,5,2,2,2
123,1,1,64,"5",-999,-999,3,2,4,5,-999,4,3,4,3,5,1,5,-999,-999,-999,-999,-999,-999,-999,-999,-999,-999,-999,-999
124,1,0,74,"6",87,"7",5,4,4,4,4,5,3,5,4,4,4,4,5,4,3,2,3,3,2,5,5,3,2,4
125,1,0,47,"4",60,"5",4,4,4,4,5,5,3,5,5,4,4,3,5,3,4,2,4,5,4,4,4,3,4,2
126,1,1,54,"5",69,"6",5,5,3,5,5,4,4,5,4,3,4,4,3,4,3,4,3,3,4,4,4,4,4,4
127,1,1,51,"4",63,"5",4,-999,4,3,2,4,1,2,3,3,2,2,3,-999,3,-999,4,5,4,2,4,2,3,1
128,1,1,88,"6",100,"7",5,3,4,3,3,3,1,2,3,4,4,2,3,4,4,3,3,4,2,4,3,5,4,4
129,1,0,84,"6",97,"7",5,5,4,5,3,4,2,5,4,4,5,4,3,4,4,3,5,3,3,5,4,5,5,5
130,1,1,67,"6",80,"7",5,5,5,5,5,4,4,4,4,5,5,5,3,3,5,2,3,3,3,5,4,3,3,3
131,1,1,80,"6",-999,-999,5,3,4,4,3,3,3,4,3,4,3,3,-999,-999,-999,-999,-999,-999,-999,-999,-999,-999,-999,-999
132,1,1,76,"6",88,"7",5,3,3,5,5,2,5,4,5,3,5,3,5,5,-999,4,5,3,5,5,5,5,5,-999
133,1,1,47,"4",60,"5",5,4,4,5,5,3,4,5,5,4,2,5,5,5,1,3,5,4,5,5,4,4,4,4
134,1,0,42,"4",-999,-999,5,3,3,-999,5,3,1,5,3,-999,-999,-999,-999,-999,-999,-999,-999,-999,-999,-999,-999,-999,-999,-999
135,1,1,81,"6",93,"7",5,4,4,4,4,4,2,5,-999,-999,5,4,5,5,3,4,3,3,2,4,3,4,4,2
136,1,1,51,"4",65,"5",3,4,4,4,4,3,4,4,4,3,2,3,3,3,4,3,3,3,3,4,4,3,4,2
137,1,0,51,"4",64,"5",5,-999,3,4,4,3,-999,-999,-999,-999,1,-999,4,-999,3,2,2,3,-999,4,3,3,3,-999
138,1,0,52,"4",64,"5",4,4,5,3,3,5,3,5,4,2,3,-999,4,4,3,3,3,3,3,4,4,4,3,4
139,1,0,52,"4",64,"5",3,5,-999,4,4,3,1,5,3,-999,3,3,3,3,3,3,3,2,1,5,3,2,4,2
140,1,0,73,"6",86,"7",5,3,5,3,3,3,4,5,4,2,4,3,3,3,4,2,3,2,3,3,3,3,3,-999
141,1,1,48,"4",59,"5",4,3,4,4,3,5,3,5,3,4,-999,4,4,3,3,-999,4,3,3,5,3,-999,4,-999
142,1,0,77,"6",89,"7",4,3,3,3,4,2,3,4,4,3,4,2,3,4,2,3,3,3,4,3,4,3,4,-999
143,1,0,82,"6",94,"7",2,-999,4,3,4,4,4,5,5,2,4,3,5,2,4,3,4,3,4,3,5,3,3,2
144,1,0,73,"6",85,"7",4,3,3,3,5,3,5,4,5,4,5,3,3,5,3,4,5,3,5,3,4,4,5,5
145,1,1,54,"5",66,"6",4,3,3,3,2,2,3,4,3,2,4,3,3,2,4,2,4,3,2,3,3,3,4,2
146,1,1,68,"6",80,"7",5,3,3,4,4,3,4,4,5,4,3,3,5,4,3,4,4,4,5,5,5,5,4,4
147,1,1,69,"6",83,"7",4,3,4,4,3,3,2,3,3,3,4,3,2,3,3,2,4,4,2,3,4,-999,5,-999
148,1,0,69,"6",80,"7",5,4,4,4,4,3,4,4,5,4,4,2,4,3,4,2,4,3,3,4,4,3,4,2
149,1,0,66,"6",78,"7",4,4,3,5,5,3,4,4,4,4,4,4,4,5,3,3,3,3,4,5,5,3,4,4
150,1,1,53,"4",68,"6",4,3,2,4,3,5,4,4,4,3,4,2,3,3,4,3,4,4,4,5,4,3,3,2
151,1,1,43,"4",56,"5",5,3,3,4,3,3,5,4,5,3,4,4,4,4,3,3,3,2,4,4,4,3,3,3
152,1,1,65,"5",77,"6",3,5,4,5,3,3,3,5,3,3,4,3,5,5,3,4,3,3,4,5,4,5,4,3
153,1,0,65,"5",-999,-999,5,4,4,4,5,3,4,4,5,4,4,2,-999,-999,-999,-999,-999,-999,-999,-999,-999,-999,-999,-999
154,1,0,79,"6",91,"7",4,3,3,3,5,3,4,4,5,-999,-999,-999,-999,2,4,2,4,3,3,5,4,4,4,-999
155,1,1,60,"5",73,"6",4,3,3,3,4,4,3,4,4,-999,4,-999,1,4,3,3,2,2,4,4,4,4,3,3
156,1,1,44,"4",58,"5",3,3,4,4,4,4,3,3,4,3,4,3,4,4,3,2,3,4,3,4,4,3,4,3
157,1,0,48,"4",60,"5",3,3,3,2,5,5,5,5,5,2,3,2,5,3,4,2,3,5,5,5,5,3,4,2
158,1,0,64,"5",76,"6",3,3,4,4,4,4,4,4,4,4,3,3,4,3,3,2,4,3,1,3,4,4,4,2
159,1,0,79,"6",93,"7",5,-999,3,-999,1,5,5,4,5,4,5,3,5,3,1,2,5,5,5,4,5,5,5,3
160,1,1,68,"6",79,"7",4,-999,5,2,5,4,3,2,2,4,-999,1,3,1,5,-999,4,3,5,2,5,-999,5,-999
161,1,1,65,"5",78,"7",5,5,4,5,5,4,4,5,5,4,3,4,4,4,4,3,4,4,5,5,5,4,4,4
162,1,1,43,"4",56,"5",5,5,3,4,4,5,4,5,5,4,3,3,5,4,3,3,4,4,5,5,4,4,4,4
163,1,1,67,"6",80,"7",5,5,4,4,4,3,3,4,4,3,5,4,4,5,4,4,5,3,4,4,5,4,5,3
164,1,0,45,"4",57,"5",3,4,-999,-999,3,3,-999,4,3,-999,3,-999,3,3,3,2,2,3,2,4,3,2,3,3
165,1,0,42,"4",54,"5",5,3,3,3,5,3,4,-999,5,-999,-999,-999,3,2,3,2,5,4,5,5,5,4,3,3
166,1,0,68,"6",81,"7",3,3,3,3,4,4,4,3,3,3,2,3,3,5,3,4,5,5,5,5,5,4,4,5
167,1,0,83,"6",-999,-999,4,-999,3,5,5,3,5,5,5,4,-999,-999,-999,-999,-999,-999,-999,-999,-999,-999,-999,-999,-999,-999
168,1,1,46,"4",61,"5",5,5,3,5,4,2,1,5,4,4,4,5,3,4,4,4,4,2,4,3,4,5,-999,1
169,1,0,64,"5",78,"7",3,1,2,4,3,1,1,3,5,4,-999,-999,2,3,4,3,3,3,3,4,5,-999,4,-999
170,1,0,68,"6",80,"7",5,3,4,3,3,1,2,4,3,2,2,2,5,5,5,4,3,1,3,5,4,4,4,4
171,1,1,79,"6",91,"7",4,4,4,5,3,3,3,4,4,3,4,4,4,4,4,3,3,4,3,3,4,4,4,3
172,1,0,55,"5",67,"6",3,3,4,3,3,3,3,4,3,3,4,2,4,3,3,2,4,4,3,4,3,4,3,3
173,1,1,45,"4",-999,-999,4,5,3,5,3,3,3,5,5,5,2,4,-999,-999,-999,-999,-999,-999,-999,-999,-999,-999,-999,-999
174,1,1,80,"6",92,"7",5,4,3,4,5,3,5,5,4,4,4,3,3,5,4,4,5,3,5,5,5,3,2,5
175,1,1,47,"4",58,"5",-999,-999,-999,-999,-999,-999,-999,-999,-999,-999,-999,-999,4,3,4,2,3,3,3,2,3,3,3,2
176,1,1,78,"6",90,"7",4,5,5,5,5,4,2,5,4,4,5,4,4,5,5,4,4,5,3,5,4,4,5,4
177,1,1,45,"4",58,"5",5,1,4,5,3,4,3,5,4,3,3,4,4,3,4,2,5,4,3,5,4,3,4,3
178,1,1,45,"4",57,"5",4,4,3,4,4,4,4,5,5,4,3,4,4,4,4,2,3,4,4,4,3,3,4,2
179,1,1,71,"6",83,"7",3,3,2,5,3,1,5,5,3,5,3,1,5,5,5,3,3,5,5,5,5,3,3,2
180,1,1,83,"6",-999,-999,3,4,4,5,4,3,3,4,4,5,3,4,-999,-999,-999,-999,-999,-999,-999,-999,-999,-999,-999,-999
181,1,0,83,"6",-999,-999,5,3,4,3,5,3,4,4,5,4,4,2,-999,-999,-999,-999,-999,-999,-999,-999,-999,-999,-999,-999
182,1,1,78,"6",91,"7",5,4,3,4,4,4,3,3,4,4,5,3,4,4,4,3,4,3,3,3,4,3,5,2
183,1,1,51,"4",63,"5",4,3,2,4,3,3,4,4,4,3,3,-999,3,4,2,3,3,2,3,4,4,3,3,2
184,1,0,47,"4",-999,-999,-999,-999,-999,-999,-999,-999,-999,-999,-999,-999,-999,-999,-999,-999,-999,-999,-999,-999,-999,-999,-999,-999,-999,-999
185,1,0,47,"4",-999,-999,5,5,3,3,5,5,5,5,5,3,3,3,-999,-999,-999,-999,-999,-999,-999,-999,-999,-999,-999,-999
186,1,0,49,"4",61,"5",-999,-999,-999,-999,-999,-999,-999,-999,-999,-999,-999,-999,3,3,3,3,3,3,4,4,4,3,3,3
187,1,0,67,"6",79,"7",-999,-999,-999,-999,-999,-999,-999,-999,-999,-999,-999,-999,3,4,4,2,4,3,3,4,4,4,4,2
188,2,0,56,"5",69,"6",3,2,3,2,4,4,2,2,4,3,4,1,5,3,4,2,5,4,4,4,5,3,4,-999
189,2,1,43,"4",56,"5",3,3,4,4,4,4,3,4,4,4,4,-999,4,4,5,3,3,3,1,3,1,3,3,4
190,2,1,57,"5",71,"6",-999,3,4,4,5,2,3,4,5,3,3,4,3,5,3,3,4,1,4,4,4,4,4,4
191,2,1,57,"5",70,"6",4,3,4,3,4,2,1,3,4,3,3,2,3,2,2,2,4,3,2,3,4,-999,-999,1
192,2,0,80,"6",93,"7",5,3,4,4,4,3,2,3,3,4,3,4,-999,-999,-999,-999,-999,-999,-999,-999,-999,-999,-999,-999
193,2,1,54,"5",71,"6",4,2,3,2,4,2,3,2,3,-999,2,1,4,4,3,3,3,3,3,3,4,3,3,2
194,2,1,59,"5",73,"6",3,-999,4,-999,4,3,3,-999,3,3,3,-999,4,3,4,2,4,4,3,2,4,4,3,2
195,2,1,45,"4",58,"5",4,3,2,3,5,3,3,3,3,2,2,2,3,3,3,2,4,4,3,3,3,-999,4,-999
196,2,0,55,"5",68,"6",4,3,3,4,5,2,3,4,4,4,4,2,2,4,5,2,4,2,4,-999,4,4,4,2
197,2,1,42,"4",55,"5",-999,5,4,5,2,4,1,4,2,4,1,4,4,4,4,4,2,2,4,5,3,-999,3,2
198,2,0,66,"6",79,"7",4,-999,4,4,5,3,-999,2,5,5,5,-999,3,3,3,2,5,4,5,4,5,5,3,3
199,2,1,78,"6",91,"7",5,3,5,5,5,3,3,3,5,4,4,2,5,4,5,4,5,3,3,5,5,5,5,-999
200,2,0,54,"5",68,"6",4,3,3,4,5,5,3,4,4,4,3,2,3,3,3,2,4,4,3,4,4,3,4,2
201,2,1,55,"5",70,"6",5,3,5,4,2,4,3,5,5,3,5,2,4,3,3,1,5,3,1,3,3,5,4,3
202,2,1,42,"4",56,"5",5,5,3,4,2,2,2,5,3,3,2,4,5,3,2,4,3,2,2,5,2,4,2,4
203,2,1,58,"5",72,"6",3,4,2,4,2,3,2,4,2,4,4,-999,4,5,3,3,4,2,3,3,3,4,5,4
204,2,0,57,"5",69,"6",5,3,3,3,1,3,5,5,5,4,5,3,3,-999,4,2,5,3,5,5,5,3,3,3
205,2,0,45,"4",59,"5",5,2,5,-999,5,4,-999,1,4,3,4,1,4,2,5,1,4,4,3,1,1,3,3,1
206,2,0,56,"5",70,"6",4,5,3,5,5,3,4,5,5,4,5,4,3,4,4,3,3,3,4,4,4,4,4,4
207,2,1,54,"5",68,"6",4,2,3,3,4,3,2,3,4,2,4,2,4,3,4,3,4,3,3,4,4,4,4,3
208,2,0,43,"4",55,"5",4,1,3,2,5,3,4,3,4,3,2,1,4,5,4,3,4,3,5,5,5,4,4,2
209,2,0,44,"4",56,"5",4,2,2,3,2,4,4,3,4,4,3,2,5,3,3,2,4,4,3,3,3,-999,3,-999
210,2,1,43,"4",56,"5",4,2,4,3,3,4,4,4,4,-999,3,-999,2,3,4,2,4,2,4,4,4,3,4,2
211,2,1,56,"5",69,"6",5,4,4,4,5,5,4,5,5,3,4,3,5,5,5,4,3,4,3,5,5,4,3,2
212,2,1,81,"6",95,"7",4,3,2,4,5,3,2,4,3,3,3,3,4,5,2,4,4,3,2,3,3,4,4,-999
213,2,0,55,"5",68,"6",4,-999,1,-999,5,5,5,-999,5,-999,1,-999,3,4,1,1,3,-999,1,3,3,-999,-999,-999
214,2,1,58,"5",70,"6",5,3,-999,5,5,1,4,3,5,5,3,-999,2,5,5,4,3,2,2,1,2,5,3,-999
215,2,1,57,"5",70,"6",4,4,3,5,4,4,3,3,4,3,3,3,5,5,3,4,5,3,2,3,4,4,4,2
216,2,1,79,"6",-999,-999,5,5,5,5,5,4,4,4,4,4,5,4,-999,-999,-999,-999,-999,-999,-999,-999,-999,-999,-999,-999
217,2,0,64,"5",77,"6",5,4,3,4,5,3,3,4,5,4,3,2,4,5,3,3,4,3,4,4,4,4,3,3
218,2,1,56,"5",-999,-999,4,3,4,4,4,3,3,4,3,3,4,2,-999,-999,-999,-999,-999,-999,-999,-999,-999,-999,-999,-999
219,2,0,57,"5",71,"6",5,4,4,3,5,5,5,3,5,5,5,3,3,2,4,1,4,4,3,4,4,4,4,1
220,2,1,68,"6",81,"7",5,4,2,5,3,3,3,5,3,4,-999,-999,4,3,2,3,3,3,4,4,4,-999,-999,-999
221,2,0,61,"5",73,"6",3,5,4,5,5,3,5,5,5,5,5,4,4,4,3,3,5,3,4,5,5,5,5,4
222,2,0,45,"4",57,"5",4,3,3,3,4,4,4,4,4,-999,3,3,4,3,3,2,4,4,3,3,4,4,3,3
223,2,1,63,"5",77,"6",4,4,4,3,5,3,1,4,-999,4,3,3,5,5,4,3,4,4,-999,3,2,5,-999,-999
224,2,1,81,"6",95,"7",4,4,2,4,5,3,4,3,4,4,5,4,3,5,-999,4,4,3,5,3,5,4,5,4
225,2,0,55,"5",68,"6",4,4,5,5,3,4,3,2,4,5,5,4,3,3,3,3,3,3,3,2,3,3,4,4
226,2,0,79,"6",92,"7",5,5,3,4,5,3,3,4,5,3,4,3,4,5,3,4,5,4,4,5,5,4,5,4
227,2,1,56,"5",69,"6",1,3,3,3,5,-999,3,-999,5,3,5,-999,3,-999,4,3,5,3,3,2,3,-999,3,-999
228,2,1,82,"6",-999,-999,4,4,2,4,5,5,3,5,3,4,4,4,-999,-999,-999,-999,-999,-999,-999,-999,-999,-999,-999,-999
229,2,1,58,"5",72,"6",4,4,4,4,4,3,3,3,4,4,3,-999,2,2,3,2,3,3,4,3,3,3,4,2
230,2,0,56,"5",70,"6",5,3,4,3,5,2,2,4,2,4,4,2,4,3,4,4,4,3,4,4,5,5,4,3
231,2,0,48,"4",62,"5",5,3,4,3,4,3,3,4,4,2,4,3,4,3,3,2,4,4,4,5,5,3,5,3
232,2,0,55,"5",69,"6",5,4,4,3,4,5,3,5,4,4,3,3,5,3,4,3,4,3,3,2,3,4,5,4
233,2,0,49,"4",63,"5",3,3,2,3,3,2,2,5,3,2,2,2,3,3,4,2,2,3,3,5,3,3,2,2
234,2,1,49,"4",62,"5",4,3,2,4,4,3,3,3,5,3,3,2,4,4,3,4,3,3,4,4,5,5,3,4
235,2,1,46,"4",59,"5",5,5,5,5,5,5,4,4,5,3,4,3,5,4,4,3,4,4,4,4,5,3,4,3
236,2,1,52,"4",-999,-999,5,4,2,3,4,4,3,3,3,3,2,2,-999,-999,-999,-999,-999,-999,-999,-999,-999,-999,-999,-999
237,2,1,44,"4",-999,-999,5,1,5,1,1,5,5,5,5,-999,3,-999,-999,-999,-999,-999,-999,-999,-999,-999,-999,-999,-999,-999
238,2,0,59,"5",72,"6",-999,-999,-999,-999,-999,-999,-999,-999,-999,-999,-999,-999,3,4,5,3,5,3,2,3,3,4,2,3
239,2,1,55,"5",69,"6",4,4,3,4,4,3,4,3,5,4,4,3,3,4,3,3,5,3,3,3,5,5,3,3
240,2,1,80,"6",94,"7",5,4,2,4,3,4,2,-999,2,-999,4,3,3,3,2,2,3,4,2,2,3,4,3,4
241,2,0,70,"6",84,"7",4,-999,3,3,4,3,2,3,3,2,4,3,2,3,3,2,4,2,3,3,4,3,4,3
242,2,0,54,"5",68,"6",5,4,4,5,5,3,4,5,5,4,5,3,4,-999,3,-999,4,4,5,5,4,-999,4,-999
243,2,0,44,"4",58,"5",5,5,3,4,2,3,4,5,4,3,4,4,3,3,3,4,4,2,5,5,4,4,2,2
244,2,0,68,"6",81,"7",5,3,2,3,4,3,4,3,4,4,3,2,4,4,4,3,4,5,-999,5,5,-999,4,3
245,2,0,57,"5",72,"6",4,4,4,5,5,4,4,5,5,4,5,4,4,4,4,3,4,3,3,5,5,4,3,4
246,2,1,52,"4",65,"5",3,-999,4,4,4,4,3,2,4,-999,4,1,-999,-999,-999,-999,-999,-999,-999,-999,-999,-999,-999,-999
247,2,0,49,"4",65,"5",4,1,2,1,3,2,3,2,2,3,3,1,2,1,3,1,3,3,2,4,3,3,3,2
248,2,0,54,"5",67,"6",5,4,2,4,4,3,2,3,3,2,4,-999,3,3,3,2,4,3,3,4,4,2,2,2
249,2,1,68,"6",85,"7",-999,-999,-999,-999,-999,-999,-999,-999,-999,-999,-999,-999,3,5,5,4,3,4,2,3,3,4,4,4
250,2,0,45,"4",58,"5",4,3,2,4,4,3,3,2,5,5,3,4,3,4,3,3,4,3,3,3,4,3,4,-999
251,2,1,44,"4",-999,-999,-999,-999,-999,-999,-999,-999,-999,-999,-999,-999,-999,-999,-999,-999,-999,-999,-999,-999,-999,-999,-999,-999,-999,-999
252,2,1,51,"4",64,"5",4,3,4,3,4,3,4,4,4,4,4,3,3,4,3,3,3,2,5,4,5,4,3,3
253,2,0,67,"6",-999,-999,4,4,3,3,4,3,3,3,4,4,5,3,-999,-999,-999,-999,-999,-999,-999,-999,-999,-999,-999,-999
254,2,0,57,"5",70,"6",5,4,4,4,5,3,3,3,4,-999,4,-999,3,4,4,3,4,3,2,4,4,4,4,3
255,2,1,52,"4",67,"6",4,3,2,4,5,2,3,4,4,4,4,3,3,4,3,3,4,3,2,5,5,4,4,3
256,2,0,54,"5",-999,-999,5,4,4,5,5,4,5,4,5,5,5,3,-999,-999,-999,-999,-999,-999,-999,-999,-999,-999,-999,-999
257,2,1,50,"4",63,"5",5,4,2,4,5,2,3,5,5,4,4,3,5,5,2,4,3,4,4,5,5,5,4,4
258,2,1,52,"4",65,"5",5,3,4,4,3,4,2,-999,3,4,4,2,4,3,4,3,4,4,3,2,3,4,4,3
259,2,1,49,"4",63,"5",4,3,-999,4,4,1,3,2,3,-999,2,3,4,4,4,3,3,2,4,4,5,3,5,3
260,2,1,45,"4",58,"5",4,3,3,5,5,3,4,5,4,-999,3,4,4,3,4,3,5,4,5,5,4,4,-999,2
261,2,1,69,"6",82,"7",4,4,4,4,4,4,3,3,4,3,3,3,4,3,3,2,4,4,4,4,4,3,4,3
262,2,1,52,"4",67,"6",5,5,3,5,5,3,5,5,5,5,5,4,3,4,4,4,3,3,2,2,5,4,5,4
263,2,1,58,"5",71,"6",5,4,5,4,5,4,3,3,4,4,2,2,5,2,3,1,3,5,-999,5,5,5,5,2
264,2,0,55,"5",67,"6",4,2,-999,5,5,4,3,3,4,-999,-999,4,3,3,3,1,3,2,5,2,3,2,4,2
265,2,1,57,"5",70,"6",5,3,4,4,4,4,4,-999,5,-999,4,4,3,3,5,3,4,3,4,4,5,4,4,3
266,2,0,66,"6",-999,-999,4,-999,3,-999,4,3,-999,2,3,-999,3,1,-999,-999,-999,-999,-999,-999,-999,-999,-999,-999,-999,-999
267,2,0,60,"5",72,"6",4,3,3,4,4,4,3,3,4,3,3,3,4,3,3,3,3,3,4,4,5,3,3,4
268,2,0,58,"5",77,"6",4,3,4,4,5,4,3,3,5,4,3,4,5,3,4,2,3,2,4,2,4,-999,4,1
269,2,1,54,"5",68,"6",3,4,2,4,5,3,3,-999,-999,-999,3,2,3,-999,3,-999,4,3,2,4,5,-999,2,-999
270,2,0,47,"4",60,"5",5,4,3,3,5,3,4,2,5,4,2,3,4,4,4,3,4,4,3,2,5,-999,5,1
271,2,1,64,"5",80,"7",5,4,5,5,2,5,3,5,4,4,5,4,3,2,2,3,5,5,5,5,5,5,3,1
272,2,1,57,"5",70,"6",3,2,4,2,5,-999,4,4,4,1,-999,-999,-999,-999,-999,-999,-999,-999,-999,-999,-999,-999,-999,-999
273,2,1,47,"4",-999,-999,4,4,2,5,2,3,5,5,5,3,3,2,-999,-999,-999,-999,-999,-999,-999,-999,-999,-999,-999,-999
274,2,1,60,"5",75,"6",4,3,4,4,4,3,3,3,4,3,5,2,4,3,4,2,4,3,2,4,4,2,4,3
275,2,0,54,"5",67,"6",3,4,3,4,4,3,5,4,3,3,3,-999,3,2,3,3,3,2,2,5,4,-999,4,-999
276,2,1,73,"6",-999,-999,4,4,3,4,4,4,2,2,3,4,3,1,-999,-999,-999,-999,-999,-999,-999,-999,-999,-999,-999,-999
277,2,1,45,"4",59,"5",4,2,3,4,4,3,-999,4,4,3,5,2,4,3,4,3,4,3,3,4,4,4,5,3
278,2,0,63,"5",76,"6",5,4,5,5,4,3,3,4,5,4,4,2,4,4,5,3,4,4,4,4,5,5,5,3
279,2,1,47,"4",61,"5",3,4,4,5,2,3,4,3,4,3,4,4,3,5,3,4,3,3,3,2,5,4,4,4
280,2,0,46,"4",60,"5",5,3,2,3,5,1,3,3,4,3,-999,4,3,4,3,3,4,2,3,3,4,3,4,3
281,2,1,54,"5",66,"6",3,4,4,5,5,3,4,3,4,4,2,3,4,4,4,4,3,3,4,5,5,4,3,5
282,2,0,69,"6",-999,-999,5,4,4,4,4,2,3,3,4,4,4,3,-999,-999,-999,-999,-999,-999,-999,-999,-999,-999,-999,-999
283,2,1,44,"4",57,"5",5,3,5,4,4,4,2,3,4,2,3,4,4,5,4,3,5,3,2,3,4,4,4,-999
284,2,0,49,"4",62,"5",4,-999,4,4,5,4,4,-999,5,-999,3,-999,4,-999,4,-999,4,3,4,2,4,-999,4,-999
285,2,1,48,"4",61,"5",5,4,3,3,5,3,3,3,5,4,5,2,3,5,4,3,5,3,4,5,4,5,5,2
286,2,1,77,"6",89,"7",4,3,5,2,4,4,2,3,4,3,4,3,4,4,3,3,5,3,3,4,3,4,4,4
287,2,1,56,"5",69,"6",3,4,5,3,3,4,3,4,3,3,4,-999,4,3,4,2,4,4,3,3,3,4,4,3
288,2,0,49,"4",61,"5",-999,3,5,3,5,4,3,4,5,5,3,-999,3,-999,4,3,4,5,-999,-999,5,-999,3,3
289,2,0,63,"5",75,"6",5,3,4,2,5,3,3,3,5,-999,-999,-999,-999,-999,-999,-999,-999,-999,-999,-999,-999,-999,-999,-999
290,2,0,79,"6",91,"7",4,4,3,5,4,3,2,4,5,-999,3,-999,3,5,2,4,3,2,3,4,3,3,4,-999
291,2,1,60,"5",-999,-999,2,3,2,3,3,2,2,4,4,4,2,1,-999,-999,-999,-999,-999,-999,-999,-999,-999,-999,-999,-999
292,2,0,73,"6",87,"7",4,3,3,3,4,3,3,3,3,3,4,3,5,3,2,2,4,4,4,4,4,-999,4,3
293,2,0,60,"5",74,"6",5,4,2,5,4,3,4,3,5,3,2,-999,4,5,4,4,4,3,4,4,5,5,4,3
294,2,1,62,"5",75,"6",5,5,3,5,4,5,4,5,4,4,4,5,5,5,2,3,3,4,3,5,4,4,4,4
295,2,1,52,"4",65,"5",3,3,4,3,4,4,5,3,4,3,2,2,4,3,2,2,4,4,4,4,5,3,4,2
296,2,1,74,"6",87,"7",4,4,3,4,3,2,3,4,4,3,3,3,4,4,3,4,3,3,2,3,3,3,3,2
297,2,1,52,"4",64,"5",5,4,4,5,1,4,4,4,4,-999,5,4,-999,-999,-999,-999,-999,-999,-999,-999,-999,-999,-999,-999
298,2,1,70,"6",-999,-999,5,3,3,3,5,2,5,4,4,3,4,2,-999,-999,-999,-999,-999,-999,-999,-999,-999,-999,-999,-999
299,2,0,50,"4",65,"5",5,4,2,3,4,5,2,4,3,3,4,-999,4,-999,3,2,4,5,4,3,4,5,4,3
300,2,0,51,"4",-999,-999,3,4,4,3,4,3,3,5,5,-999,3,-999,-999,-999,-999,-999,-999,-999,-999,-999,-999,-999,-999,-999
301,2,0,48,"4",61,"5",5,-999,5,5,5,3,5,-999,5,5,3,5,4,2,5,4,5,2,3,-999,5,5,2,3
302,2,0,51,"4",65,"5",4,3,3,4,4,3,2,3,3,4,4,3,3,3,3,2,4,2,3,2,4,3,4,3
303,2,0,58,"5",-999,-999,4,4,3,3,4,3,3,3,4,2,3,2,-999,-999,-999,-999,-999,-999,-999,-999,-999,-999,-999,-999
304,2,0,50,"4",63,"5",4,4,3,4,3,4,2,4,4,4,4,3,4,4,3,3,4,3,3,3,4,4,4,2
305,2,1,59,"5",71,"6",4,4,3,4,2,3,3,3,4,3,4,3,3,4,4,4,4,3,3,3,3,4,4,3
306,2,0,74,"6",88,"7",4,3,3,4,3,1,1,4,-999,4,4,-999,3,3,4,2,4,2,2,4,2,-999,5,2
307,2,1,62,"5",-999,-999,-999,-999,-999,-999,-999,-999,-999,-999,-999,-999,-999,-999,-999,-999,-999,-999,-999,-999,-999,-999,-999,-999,-999,-999
308,2,0,58,"5",71,"6",4,3,3,2,4,4,1,-999,4,4,4,-999,3,4,3,3,4,3,2,-999,4,4,4,3
309,2,0,52,"4",66,"6",5,4,4,5,3,4,3,2,4,4,4,4,5,5,4,4,4,4,4,5,4,4,4,4
310,2,1,53,"4",69,"6",4,3,3,4,5,3,3,4,3,-999,4,4,3,3,4,2,4,2,3,2,4,-999,5,2
311,2,0,80,"6",93,"7",3,4,4,4,5,4,4,4,4,3,4,3,4,4,4,3,5,4,3,4,4,4,4,3
312,2,1,46,"4",-999,-999,5,1,3,2,4,3,3,3,3,-999,2,3,-999,-999,-999,-999,-999,-999,-999,-999,-999,-999,-999,-999
313,2,0,76,"6",90,"7",5,4,4,5,5,3,3,4,3,4,4,3,3,4,4,3,4,4,3,3,3,3,4,3
314,2,0,56,"5",70,"6",5,4,3,5,3,4,4,4,5,4,4,2,4,4,3,3,4,4,4,4,5,3,4,2
315,2,0,67,"6",-999,-999,2,1,4,2,5,2,5,5,5,2,3,1,-999,-999,-999,-999,-999,-999,-999,-999,-999,-999,-999,-999
316,2,0,73,"6",87,"7",4,-999,2,4,4,3,3,5,4,3,2,4,2,-999,-999,-999,4,3,4,4,4,-999,-999,3
317,2,0,67,"6",80,"7",4,4,3,3,5,4,-999,1,3,2,2,5,4,4,4,2,4,3,4,4,4,3,2,-999
318,2,1,64,"5",-999,-999,3,4,3,1,5,3,5,4,2,4,2,4,-999,-999,-999,-999,-999,-999,-999,-999,-999,-999,-999,-999
319,2,0,70,"6",83,"7",4,4,3,5,4,4,2,4,4,4,4,4,4,4,3,3,4,4,4,4,4,3,4,4
320,2,0,62,"5",74,"6",5,2,3,2,2,-999,2,2,2,1,1,1,3,4,2,3,3,2,2,4,4,-999,3,3
321,2,1,65,"5",78,"7",2,4,2,5,4,3,2,4,3,3,3,2,4,4,2,4,3,4,4,5,4,3,3,2
322,2,0,42,"4",55,"5",5,5,3,5,5,3,3,4,5,4,5,3,5,4,3,4,4,2,4,5,5,4,5,3
323,2,1,67,"6",-999,-999,5,5,1,5,1,3,4,5,3,4,4,3,-999,-999,-999,-999,-999,-999,-999,-999,-999,-999,-999,-999
324,2,1,75,"6",88,"7",4,4,2,5,4,2,3,4,4,4,5,4,3,5,4,4,4,3,5,5,5,4,5,3
325,2,0,56,"5",70,"6",5,-999,3,3,5,4,4,-999,5,-999,-999,-999,2,-999,3,-999,4,-999,5,-999,5,-999,5,-999
326,2,0,61,"5",75,"6",2,3,4,4,5,4,2,2,1,3,5,-999,3,1,3,2,3,1,3,5,5,3,5,1
327,2,1,42,"4",-999,-999,-999,-999,-999,-999,-999,-999,-999,-999,-999,-999,-999,-999,-999,-999,-999,-999,-999,-999,-999,-999,-999,-999,-999,-999
328,2,1,70,"6",83,"7",5,2,5,5,5,2,3,4,3,2,3,3,5,5,4,4,5,4,3,3,4,4,3,2
329,2,1,51,"4",67,"6",3,-999,4,-999,5,1,1,-999,5,3,3,-999,3,-999,4,2,4,5,5,4,5,3,2,1
330,2,1,64,"5",78,"7",5,4,3,5,5,3,3,4,4,4,3,4,3,3,4,3,4,3,3,4,4,3,5,4
331,2,1,53,"4",66,"6",4,4,4,4,4,3,1,2,4,4,3,4,3,5,4,4,3,2,2,2,5,4,4,4
332,2,1,67,"6",80,"7",4,3,4,4,4,4,4,4,4,3,4,4,5,4,5,3,4,4,4,4,5,4,5,4
333,2,0,57,"5",70,"6",5,3,4,3,5,4,3,4,4,3,4,3,5,3,4,2,4,3,3,4,5,3,5,3
334,2,1,67,"6",80,"7",4,3,4,3,4,3,3,3,2,3,4,2,4,4,4,3,3,3,3,4,5,4,3,2
335,2,0,78,"6",91,"7",4,4,3,4,5,5,4,5,4,4,4,3,4,3,2,3,4,5,4,3,4,4,4,2
336,2,1,67,"6",-999,-999,-999,-999,-999,-999,-999,-999,-999,-999,-999,-999,-999,-999,-999,-999,-999,-999,-999,-999,-999,-999,-999,-999,-999,-999
337,2,0,66,"6",-999,-999,3,-999,-999,-999,5,2,4,2,5,4,4,-999,-999,-999,-999,-999,-999,-999,-999,-999,-999,-999,-999,-999
338,2,1,67,"6",80,"7",4,3,2,4,4,1,3,5,4,-999,4,4,3,4,4,3,4,4,3,4,4,4,-999,2
339,2,1,62,"5",74,"6",5,3,5,3,5,4,3,5,5,4,5,4,5,4,5,1,4,4,3,4,5,4,4,4
340,2,0,58,"5",70,"6",4,4,3,4,5,4,3,4,4,3,4,3,4,3,4,2,4,5,3,4,5,4,-999,3
341,2,0,57,"5",-999,-999,4,3,3,4,5,3,4,3,4,3,3,2,-999,-999,-999,-999,-999,-999,-999,-999,-999,-999,-999,-999
342,2,0,68,"6",82,"7",4,3,3,4,3,4,3,3,4,3,4,4,5,4,3,3,4,4,4,4,5,4,3,3
343,2,0,67,"6",-999,-999,3,-999,-999,3,2,2,2,2,3,4,4,-999,-999,-999,-999,-999,-999,-999,-999,-999,-999,-999,-999,-999
344,2,0,47,"4",59,"5",4,4,2,5,5,-999,4,4,4,-999,4,4,3,2,3,-999,3,-999,3,2,5,-999,5,1
345,2,0,68,"6",-999,-999,-999,-999,-999,-999,-999,-999,-999,-999,-999,-999,-999,-999,-999,-999,-999,-999,-999,-999,-999,-999,-999,-999,-999,-999
346,2,0,68,"6",82,"7",4,5,3,5,5,3,4,5,5,5,5,5,3,4,2,3,3,2,4,4,5,4,3,3
347,2,0,68,"6",81,"7",4,4,4,4,4,3,3,5,4,-999,4,4,4,5,3,3,4,4,4,4,5,4,4,4
348,2,1,68,"6",83,"7",5,3,4,3,4,3,3,4,4,4,4,2,5,3,5,3,5,3,5,3,5,4,5,3
349,2,0,83,"6",97,"7",4,4,5,4,5,4,4,5,5,4,4,3,3,4,4,3,3,2,2,3,4,3,4,3
350,2,1,68,"6",82,"7",5,4,1,5,5,4,5,4,5,4,5,4,4,3,5,3,4,4,3,4,4,4,5,3
351,2,1,50,"4",63,"5",5,3,3,4,5,5,4,3,4,4,3,2,4,4,4,3,4,4,4,3,4,4,4,3
352,2,0,49,"4",-999,-999,5,3,1,-999,3,5,-999,3,5,3,1,3,-999,-999,-999,-999,-999,-999,-999,-999,-999,-999,-999,-999
353,2,1,65,"5",78,"7",4,2,3,2,3,4,3,1,3,1,2,2,4,3,3,1,4,3,4,5,4,2,4,2
354,2,0,42,"4",54,"5",5,4,4,4,2,2,1,4,2,3,2,2,5,5,3,3,2,4,1,5,3,3,2,4
355,2,0,75,"6",88,"7",-999,3,4,4,5,2,4,3,4,4,5,3,4,4,4,3,4,3,4,3,4,4,4,3
356,2,1,69,"6",83,"7",4,4,4,5,4,3,4,4,5,4,5,4,3,4,2,4,3,3,2,1,4,4,4,4
357,2,0,45,"4",57,"5",3,1,4,3,3,3,4,2,3,3,3,1,4,3,3,2,3,3,3,2,-999,3,4,2
358,2,0,42,"4",54,"5",-999,-999,-999,-999,-999,-999,-999,-999,-999,-999,-999,-999,3,4,4,4,3,3,1,2,4,1,2,1
359,2,0,47,"4",61,"5",4,3,3,4,4,4,2,4,4,2,3,1,4,4,4,4,4,3,2,4,5,5,4,3
360,2,0,82,"6",95,"7",5,3,4,4,5,3,3,3,5,4,4,1,4,3,5,3,4,4,4,3,5,4,4,3
361,2,0,49,"4",61,"5",5,4,4,5,5,4,4,3,5,-999,4,-999,4,4,5,4,4,3,4,4,5,-999,4,4
362,2,0,70,"6",-999,-999,5,4,4,4,5,5,3,3,4,3,3,4,-999,-999,-999,-999,-999,-999,-999,-999,-999,-999,-999,-999
363,2,0,51,"4",64,"5",5,3,2,3,4,3,4,2,4,2,4,-999,5,3,3,3,4,3,5,5,5,4,4,2
364,2,0,55,"5",68,"6",5,-999,4,-999,5,4,4,4,5,-999,2,-999,5,-999,3,2,3,5,3,4,4,4,-999,-999
365,2,1,46,"4",58,"5",5,1,2,5,5,2,3,3,5,3,3,5,4,1,5,4,3,2,4,5,5,2,3,1
366,2,0,76,"6",90,"7",4,4,2,5,5,1,3,5,5,3,4,4,4,3,2,4,5,2,3,3,5,3,2,1
367,2,1,61,"5",74,"6",3,3,3,2,5,2,4,4,4,3,3,1,4,3,3,3,4,3,2,5,3,3,4,2
368,2,0,67,"6",80,"7",-999,3,4,3,4,4,2,4,4,4,3,3,4,2,2,2,2,2,4,4,4,-999,-999,3
369,2,1,58,"5",70,"6",4,3,4,4,5,5,3,4,3,3,4,3,4,3,4,2,5,4,3,3,4,4,4,3
370,2,0,77,"6",89,"7",5,4,4,4,4,4,2,3,3,4,4,4,3,2,4,2,3,3,2,4,3,3,3,3
371,2,1,74,"6",-999,-999,5,5,1,5,5,4,4,5,5,4,4,5,-999,-999,-999,-999,-999,-999,-999,-999,-999,-999,-999,-999
372,2,1,68,"6",81,"7",5,3,-999,5,5,2,-999,3,3,3,5,3,4,3,5,4,5,4,3,4,5,4,5,3
373,2,1,60,"5",72,"6",5,5,1,5,1,3,5,5,5,5,1,5,-999,3,2,4,4,4,4,4,4,4,-999,4
374,2,0,68,"6",81,"7",5,3,4,4,3,2,1,2,2,5,4,1,3,3,5,-999,5,2,1,2,4,-999,5,-999
375,2,1,71,"6",-999,-999,4,4,4,4,5,5,3,5,5,4,5,3,-999,-999,-999,-999,-999,-999,-999,-999,-999,-999,-999,-999
376,2,0,73,"6",85,"7",4,3,3,4,5,3,4,5,5,3,4,3,4,3,2,2,5,4,4,5,5,3,4,1
377,2,0,79,"6",91,"7",5,4,5,5,5,5,5,5,5,5,5,5,5,4,4,4,5,5,5,5,5,5,5,5
378,2,0,42,"4",55,"5",5,2,2,2,4,1,4,4,4,2,-999,2,2,3,4,1,4,1,3,1,4,3,4,1
379,2,0,67,"6",80,"7",5,4,5,5,5,4,4,5,4,4,5,4,4,4,4,3,5,4,4,5,5,4,5,4
380,2,0,49,"4",61,"5",5,5,-999,4,4,2,5,2,5,4,4,-999,3,4,4,4,3,4,4,2,5,4,4,2
381,2,0,47,"4",60,"5",4,5,3,4,5,2,5,4,4,4,3,3,4,4,4,4,5,4,5,5,5,5,5,4
382,2,1,44,"4",57,"5",4,4,4,5,3,2,3,4,3,4,3,3,3,4,3,4,4,3,3,4,4,4,4,4
383,2,1,75,"6",89,"7",3,3,3,3,5,3,3,5,3,-999,5,-999,3,2,5,1,5,4,4,3,5,-999,5,-999
384,2,1,67,"6",80,"7",4,3,2,5,4,4,3,4,3,-999,4,1,4,3,4,3,5,3,2,4,5,4,5,2
385,2,0,81,"6",-999,-999,5,2,4,-999,5,3,2,3,3,-999,3,2,-999,-999,-999,-999,-999,-999,-999,-999,-999,-999,-999,-999
386,2,1,68,"6",81,"7",4,3,4,4,4,2,3,3,4,3,4,2,3,4,3,3,4,3,3,-999,4,3,4,3
387,2,1,61,"5",75,"6",3,3,4,4,5,4,5,4,5,3,3,4,4,3,1,4,3,5,5,5,5,3,3,5
388,2,0,71,"6",84,"7",1,1,5,3,4,2,1,4,4,-999,4,1,4,1,5,2,3,4,2,4,5,4,5,2
389,2,0,49,"4",-999,-999,4,3,4,4,5,4,-999,-999,5,3,4,-999,-999,-999,-999,-999,-999,-999,-999,-999,-999,-999,-999,-999
390,2,1,68,"6",-999,-999,-999,-999,-999,-999,-999,-999,-999,-999,-999,-999,-999,-999,-999,-999,-999,-999,-999,-999,-999,-999,-999,-999,-999,-999
391,2,1,62,"5",75,"6",5,4,3,5,5,3,5,5,5,5,3,3,4,4,4,4,5,5,4,5,5,5,1,5
392,2,0,42,"4",55,"5",4,3,4,4,5,3,3,3,5,3,3,3,3,3,3,3,4,3,3,3,3,3,4,2
393,2,1,68,"6",81,"7",4,3,3,3,4,4,3,-999,4,3,3,2,3,3,3,2,3,4,2,-999,3,3,3,2
394,2,0,67,"6",81,"7",5,5,5,5,5,5,5,5,5,4,4,4,-999,-999,-999,-999,-999,-999,-999,-999,-999,-999,-999,-999
395,2,0,80,"6",94,"7",5,5,3,5,5,3,3,4,4,4,5,4,3,4,4,3,4,3,3,5,4,4,4,4
396,2,1,69,"6",82,"7",4,4,2,3,5,4,4,3,3,3,3,-999,4,3,3,2,4,5,3,5,4,5,5,-999
397,2,0,55,"5",-999,-999,5,3,3,4,1,3,2,4,1,1,4,-999,-999,-999,-999,-999,-999,-999,-999,-999,-999,-999,-999,-999
398,2,0,44,"4",57,"5",4,4,3,5,4,2,3,4,3,4,4,3,4,4,4,4,3,3,4,5,4,5,4,2
399,2,0,58,"5",-999,-999,2,2,2,2,3,2,2,3,-999,3,3,1,-999,-999,-999,-999,-999,-999,-999,-999,-999,-999,-999,-999
400,2,0,57,"5",70,"6",-999,-999,-999,-999,-999,-999,-999,-999,-999,-999,-999,-999,3,2,-999,3,3,4,4,4,4,-999,-999,-999
401,2,0,42,"4",55,"5",4,2,5,3,1,4,2,4,4,4,5,3,3,3,5,3,4,4,5,2,5,5,4,3
402,2,0,80,"6",-999,-999,5,4,5,5,5,5,3,5,5,4,2,3,-999,-999,-999,-999,-999,-999,-999,-999,-999,-999,-999,-999
403,2,0,42,"4",56,"5",3,4,4,5,4,4,1,4,4,4,4,4,3,4,4,3,3,3,2,4,4,3,4,2
404,2,0,75,"6",88,"7",4,3,3,3,4,4,3,4,4,4,3,-999,3,3,4,2,3,3,3,4,2,4,3,2
405,2,0,52,"4",-999,-999,4,3,5,4,5,5,3,5,5,3,4,2,-999,-999,-999,-999,-999,-999,-999,-999,-999,-999,-999,-999
406,2,1,69,"6",81,"7",2,1,4,3,3,3,4,5,4,4,4,1,3,1,4,3,3,3,4,2,4,3,4,2
407,2,1,55,"5",67,"6",4,4,4,4,5,4,3,4,5,3,4,4,3,4,4,4,4,3,3,4,3,3,4,3
408,2,0,60,"5",72,"6",5,3,4,4,5,4,3,4,4,4,4,2,4,-999,4,3,5,4,3,5,4,4,4,2
409,2,0,49,"4",61,"5",4,-999,3,-999,3,3,4,3,4,4,3,-999,4,3,4,3,4,3,3,5,3,5,4,3
410,2,1,42,"4",54,"5",4,4,4,4,4,3,2,3,4,-999,3,4,4,4,4,4,5,4,4,4,5,-999,5,4
411,3,0,42,"4",-999,-999,3,3,-999,3,3,5,3,3,4,-999,3,2,-999,-999,-999,-999,-999,-999,-999,-999,-999,-999,-999,-999
412,3,1,67,"6",80,"7",4,-999,4,3,4,4,2,4,5,-999,4,-999,4,-999,-999,2,3,4,2,3,4,-999,4,-999
413,3,0,52,"4",65,"5",4,3,3,4,5,3,3,3,4,-999,3,3,3,2,1,2,4,3,3,4,4,-999,5,2
414,3,1,52,"4",66,"6",5,2,4,3,5,5,4,4,5,3,5,2,5,3,4,3,5,5,4,5,5,4,5,3
415,3,1,52,"4",64,"5",3,3,-999,3,5,2,1,5,3,4,3,1,-999,3,-999,2,1,3,2,5,5,4,-999,3
416,3,1,62,"5",-999,-999,5,4,5,5,5,5,4,5,5,4,5,4,-999,-999,-999,-999,-999,-999,-999,-999,-999,-999,-999,-999
417,3,0,60,"5",74,"6",5,4,4,5,3,5,2,5,3,-999,-999,3,5,5,3,4,3,5,3,4,4,-999,-999,4
418,3,1,71,"6",83,"7",5,3,5,4,4,4,3,4,4,3,4,3,4,3,4,3,4,4,2,4,3,3,4,3
419,3,0,59,"5",73,"6",2,3,2,2,3,2,2,2,2,2,2,2,2,3,3,3,3,3,2,3,3,2,3,2
420,3,0,43,"4",56,"5",4,-999,4,4,5,3,4,5,4,3,3,2,3,3,3,2,3,2,3,4,3,2,4,3
421,3,0,43,"4",-999,-999,5,4,-999,4,5,3,4,5,5,5,4,-999,-999,-999,-999,-999,-999,-999,-999,-999,-999,-999,-999,-999
422,3,1,80,"6",93,"7",5,4,3,4,4,1,1,5,3,-999,4,2,3,5,3,4,3,2,2,4,3,4,3,4
423,3,1,51,"4",65,"5",4,3,3,3,3,3,2,3,3,3,3,3,3,3,3,2,3,3,2,3,2,2,3,2
424,3,0,47,"4",59,"5",4,1,4,1,3,2,3,2,3,3,2,1,5,4,3,3,4,4,3,3,4,-999,5,-999
425,3,0,62,"5",81,"7",5,1,2,5,5,2,4,5,2,5,3,3,4,4,5,4,5,4,3,5,5,5,5,3
426,3,1,47,"4",61,"5",4,5,4,5,4,3,3,5,4,-999,5,-999,5,3,4,3,3,4,3,5,4,4,5,-999
427,3,0,58,"5",-999,-999,4,-999,4,3,3,3,3,5,3,-999,4,3,-999,-999,-999,-999,-999,-999,-999,-999,-999,-999,-999,-999
428,3,1,50,"4",-999,-999,4,3,4,3,3,3,3,3,4,3,4,3,-999,-999,-999,-999,-999,-999,-999,-999,-999,-999,-999,-999
429,3,1,62,"5",76,"6",5,5,5,5,5,4,5,4,5,5,5,4,5,5,3,4,5,3,5,5,5,5,5,5
430,3,1,61,"5",74,"6",4,3,4,3,5,5,3,3,4,4,4,3,4,3,5,3,4,5,3,3,4,4,4,4
431,3,0,68,"6",80,"7",5,-999,3,3,5,2,2,4,4,-999,3,-999,3,-999,4,1,4,3,2,4,4,-999,-999,-999
432,3,1,53,"4",66,"6",5,3,4,4,4,4,4,3,4,2,4,-999,3,4,4,3,4,3,4,4,5,3,5,2
433,3,1,48,"4",63,"5",5,3,5,4,3,4,3,5,4,4,3,3,5,3,5,3,3,3,3,4,4,-999,3,-999
434,3,0,43,"4",-999,-999,-999,-999,-999,-999,-999,-999,-999,-999,-999,-999,-999,-999,-999,-999,-999,-999,-999,-999,-999,-999,-999,-999,-999,-999
435,3,1,56,"5",70,"6",5,4,-999,4,3,-999,3,3,3,3,4,-999,-999,-999,-999,-999,-999,-999,-999,-999,-999,-999,-999,-999
436,3,1,66,"6",78,"7",3,3,2,3,3,4,3,5,4,-999,-999,2,1,2,2,1,3,3,3,4,4,-999,-999,-999
437,3,1,42,"4",55,"5",-999,4,-999,3,4,3,4,-999,-999,3,3,-999,4,4,3,3,3,4,2,4,3,4,3,-999
438,3,0,43,"4",-999,-999,-999,-999,-999,-999,-999,-999,-999,-999,-999,-999,-999,-999,-999,-999,-999,-999,-999,-999,-999,-999,-999,-999,-999,-999
439,3,1,55,"5",69,"6",4,3,3,4,4,3,2,4,4,4,4,3,3,4,4,4,4,4,4,5,5,4,4,4
440,3,0,68,"6",80,"7",4,3,3,4,4,3,3,5,5,3,4,2,4,4,3,3,4,3,4,5,4,3,4,3
441,3,1,42,"4",-999,-999,4,5,3,5,5,4,4,4,4,4,4,-999,-999,-999,-999,-999,-999,-999,-999,-999,-999,-999,-999,-999
442,3,0,50,"4",63,"5",4,3,3,4,3,3,2,4,2,3,3,2,5,5,3,4,5,3,2,4,3,3,4,4
443,3,0,62,"5",73,"6",5,-999,4,3,4,4,4,5,4,4,4,4,4,-999,-999,3,5,4,2,4,4,4,4,4
444,3,1,64,"5",-999,-999,4,3,1,4,4,1,5,2,3,3,3,4,-999,-999,-999,-999,-999,-999,-999,-999,-999,-999,-999,-999
445,3,0,48,"4",63,"5",4,4,3,4,3,3,2,5,4,3,2,3,3,2,4,1,3,3,2,5,4,-999,4,-999
446,3,1,71,"6",84,"7",5,2,-999,2,2,5,3,4,3,3,5,2,5,4,1,4,5,5,4,4,4,4,5,4
447,3,1,72,"6",87,"7",5,5,5,5,4,5,2,5,2,5,4,5,5,4,5,3,4,5,4,5,3,4,5,5
448,3,1,53,"4",67,"6",5,5,2,5,1,5,5,5,5,5,5,5,5,5,2,4,5,5,5,5,5,5,5,5
449,3,1,52,"4",69,"6",5,4,3,4,4,3,3,4,3,2,3,3,5,5,5,4,5,5,5,5,5,5,4,5
450,3,0,56,"5",69,"6",4,3,3,4,3,2,3,5,2,4,4,-999,3,4,3,3,4,2,3,3,4,3,4,4
451,3,1,55,"5",70,"6",5,3,1,5,1,3,3,5,5,5,5,3,3,3,5,4,3,3,3,5,5,5,3,3
452,3,1,42,"4",55,"5",3,4,3,4,4,3,4,3,5,-999,5,4,4,3,3,2,4,3,2,3,2,3,4,2
453,3,1,53,"4",-999,-999,4,4,1,5,1,3,-999,-999,5,5,3,5,-999,-999,-999,-999,-999,-999,-999,-999,-999,-999,-999,-999
454,3,0,56,"5",69,"6",-999,-999,-999,-999,-999,-999,-999,-999,-999,-999,-999,-999,3,3,4,2,3,-999,1,2,2,2,4,2
455,3,0,43,"4",-999,-999,-999,-999,-999,-999,-999,-999,-999,-999,-999,-999,-999,-999,-999,-999,-999,-999,-999,-999,-999,-999,-999,-999,-999,-999
456,3,0,60,"5",73,"6",5,3,3,4,4,4,2,3,2,-999,-999,-999,4,4,3,4,4,3,2,4,3,4,4,3
457,3,1,66,"6",-999,-999,5,4,5,5,1,4,4,4,4,3,4,3,-999,-999,-999,-999,-999,-999,-999,-999,-999,-999,-999,-999
458,3,1,61,"5",75,"6",5,5,5,5,5,4,4,5,5,4,3,4,5,5,4,4,3,3,2,5,3,5,1,4
459,3,1,74,"6",87,"7",5,4,5,4,5,5,4,5,5,4,5,5,3,4,4,4,3,3,2,-999,-999,4,3,3
460,3,1,82,"6",-999,-999,5,4,3,5,3,3,5,5,5,3,3,4,-999,-999,-999,-999,-999,-999,-999,-999,-999,-999,-999,-999
461,3,1,66,"6",80,"7",5,4,3,5,5,3,5,4,5,3,4,4,5,5,4,4,4,4,3,4,3,4,5,4
462,3,0,73,"6",87,"7",5,-999,4,4,5,3,3,3,3,-999,3,-999,3,2,5,2,5,3,3,4,5,3,4,-999
463,3,0,42,"4",55,"5",5,3,-999,4,2,-999,3,3,4,-999,3,-999,3,4,3,4,5,2,5,3,5,3,4,3
464,3,1,43,"4",-999,-999,3,4,5,4,5,4,4,3,4,4,4,4,-999,-999,-999,-999,-999,-999,-999,-999,-999,-999,-999,-999
465,3,1,79,"6",91,"7",5,4,3,5,4,4,3,3,4,4,5,3,5,4,5,4,4,4,4,4,5,5,5,4
466,3,1,58,"5",72,"6",4,2,5,3,2,1,1,1,1,2,1,1,3,3,4,2,3,2,1,3,2,2,3,2
467,3,1,51,"4",63,"5",5,5,5,5,3,2,4,5,5,4,4,3,5,5,5,4,5,5,5,5,5,5,5,5
468,3,0,69,"6",-999,-999,5,4,3,4,4,2,4,4,4,4,5,2,-999,-999,-999,-999,-999,-999,-999,-999,-999,-999,-999,-999
469,3,0,45,"4",59,"5",5,4,4,4,5,1,3,5,4,4,5,4,4,4,5,3,4,4,3,5,4,4,5,4
470,3,0,47,"4",64,"5",3,5,4,5,4,4,2,4,4,4,2,4,2,3,4,2,3,4,2,1,3,2,4,2
471,3,1,57,"5",69,"6",-999,-999,-999,3,5,3,5,5,5,4,5,-999,3,1,5,2,3,3,5,5,5,4,4,2
472,3,0,77,"6",91,"7",5,4,4,4,4,5,4,4,4,4,3,3,3,4,4,3,4,4,4,4,4,-999,4,-999
473,3,0,42,"4",54,"5",5,3,4,4,5,3,3,4,3,-999,5,-999,5,4,4,3,5,2,5,3,5,4,4,4
474,3,1,59,"5",73,"6",4,3,4,3,5,3,3,3,2,2,5,3,5,4,5,4,5,4,3,3,4,4,5,3
475,3,1,52,"4",77,"6",5,4,5,4,5,4,5,5,5,5,5,3,3,4,5,4,5,3,4,5,5,5,5,2
476,3,1,85,"6",-999,-999,5,3,3,3,4,1,1,5,3,-999,4,-999,-999,-999,-999,-999,-999,-999,-999,-999,-999,-999,-999,-999
477,3,0,69,"6",-999,-999,4,4,3,4,5,3,2,3,2,-999,4,3,-999,-999,-999,-999,-999,-999,-999,-999,-999,-999,-999,-999
478,3,0,49,"4",-999,-999,1,2,2,3,5,2,4,3,4,4,3,2,-999,-999,-999,-999,-999,-999,-999,-999,-999,-999,-999,-999
479,3,0,42,"4",55,"5",-999,-999,-999,-999,3,3,3,3,4,-999,-999,-999,3,2,4,2,2,2,3,2,3,-999,-999,3
480,3,1,42,"4",55,"5",5,5,5,5,4,4,3,5,5,3,5,4,5,4,4,4,5,4,3,5,5,5,5,5
